,time_taken,average_guesses,win_rate
0,1225.6861577033997,6.2231,65.36999999999999
1,1359.9967019557953,4.9031,87.25
2,92.3017065525055,4.016,97.48
3,512.8291511535645,7.0251,45.26
4,73.500563621521,5.4677,73.91
